"pilot_id","source_book","chapter","source_location","exam_domain","subject","topic","question","option_a","option_b","option_c","option_d","answer_choice","answer_text","explanation","review_status","review_notes"
"TEXTBOOK-PILOT-001","Harrison's Principles of Internal Medicine, 21e","126 Pneumonia","text-file lines 104683-104705","Internal Medicine","Internal Medicine","Pneumonia definition","Which description best defines pneumonia in the source text?","Infection of the pulmonary parenchyma","Inflammation limited to the pleura","Obstruction of the upper airway","Fluid accumulation limited to the alveoli","A","Infection of the pulmonary parenchyma","The chapter defines pneumonia as infection involving pulmonary parenchyma.","DRAFT_SOURCE_ALIGNED_NEEDS_INDEPENDENT_REVIEW","Check against current guidelines where recommendations may have changed."
"TEXTBOOK-PILOT-002","Harrison's Principles of Internal Medicine, 21e","126 Pneumonia","text-file lines 104691-104705","Internal Medicine","Internal Medicine","Pneumonia classification","Why does the chapter advise against using the health care-associated pneumonia category as a stand-alone predictor of resistant pathogens?","It has not reliably predicted resistant pathogens and can promote unnecessary broad-spectrum therapy","It applies only to ventilated patients","It excludes infections acquired in hospitals","It is based on culture results rather than risk factors","A","It has not reliably predicted resistant pathogens and can promote unnecessary broad-spectrum therapy","The text recommends assessing individual resistant-organism risk factors instead of relying on HCAP categorization.","DRAFT_SOURCE_ALIGNED_NEEDS_INDEPENDENT_REVIEW","Check against current guidelines where recommendations may have changed."
"TEXTBOOK-PILOT-003","Harrison's Principles of Internal Medicine, 21e","126 Pneumonia","text-file lines 104699-104705","Internal Medicine","Internal Medicine","Resistant pathogens","Which history increases concern for MRSA or Pseudomonas in a patient with pneumonia?","Prior isolation of that organism, especially from the respiratory tract","A remote history of seasonal allergy","An uncomplicated viral illness in childhood","A single dose of an antibiotic several years earlier","A","Prior isolation of that organism, especially from the respiratory tract","The text identifies prior isolation, particularly from the respiratory tract during the preceding year, as a risk factor.","DRAFT_SOURCE_ALIGNED_NEEDS_INDEPENDENT_REVIEW","Check against current guidelines where recommendations may have changed."
"TEXTBOOK-PILOT-004","Harrison's Principles of Internal Medicine, 21e","126 Pneumonia","text-file lines 104699-104705","Internal Medicine","Internal Medicine","Resistant pathogens","Which recent healthcare exposure is listed as a risk factor for MRSA or Pseudomonas pneumonia?","Hospitalization and antibiotic treatment in the previous 90 days","Any outpatient visit in the previous year","A vaccination in the previous month","Hospitalization more than five years earlier","A","Hospitalization and antibiotic treatment in the previous 90 days","The cited chapter includes hospitalization plus antibiotic treatment within the prior 90 days among risk factors.","DRAFT_SOURCE_ALIGNED_NEEDS_INDEPENDENT_REVIEW","Check against current guidelines where recommendations may have changed."
"TEXTBOOK-PILOT-005","Harrison's Principles of Internal Medicine, 21e","126 Pneumonia","text-file lines 104705-104718","Internal Medicine","Internal Medicine","Aspiration pneumonia","How does the chapter frame aspiration pneumonia in relation to CAP and HAP?","As part of a continuum that includes CAP and HAP","As a form of viral pneumonia only","As a separate category unrelated to CAP or HAP","As pneumonia restricted to intensive care units","A","As part of a continuum that includes CAP and HAP","The text presents aspiration pneumonia as a point on the CAP-HAP continuum.","DRAFT_SOURCE_ALIGNED_NEEDS_INDEPENDENT_REVIEW","Check against current guidelines where recommendations may have changed."
"TEXTBOOK-PILOT-006","Harrison's Principles of Internal Medicine, 21e","126 Pneumonia","text-file lines 104705-104725","Internal Medicine","Internal Medicine","Pneumonia pathophysiology","At what level does the chapter describe microbial proliferation in pneumonia?","Alveolar level","Pleural space only","Nasopharyngeal mucosa only","Pulmonary arteries","A","Alveolar level","The chapter describes pneumonia as microbial proliferation at the alveolar level with a host response.","DRAFT_SOURCE_ALIGNED_NEEDS_INDEPENDENT_REVIEW","Check against current guidelines where recommendations may have changed."
"TEXTBOOK-PILOT-007","Harrison's Principles of Internal Medicine, 21e","126 Pneumonia","text-file lines 104710-104730","Internal Medicine","Internal Medicine","Pulmonary host defense","Which mechanism contributes to defense against organisms entering the lower respiratory tract?","Mucociliary clearance","Reduced cough reflex","Permanent sterility of the airways","Suppression of all airway microbiota","A","Mucociliary clearance","Mucociliary clearance is listed among mechanical host defenses of the respiratory tract.","DRAFT_SOURCE_ALIGNED_NEEDS_INDEPENDENT_REVIEW","Check against current guidelines where recommendations may have changed."
"TEXTBOOK-PILOT-008","Harrison's Principles of Internal Medicine, 21e","287 Asthma","text-file lines 219720-219755","Internal Medicine","Internal Medicine","Asthma definition","Which combination most closely characterizes asthma in the source chapter?","Episodic airway obstruction and airway hyperresponsiveness, usually with inflammation","Fixed upper-airway obstruction without inflammation","Pulmonary fibrosis with steadily progressive restriction","Pleural inflammation with recurrent effusions","A","Episodic airway obstruction and airway hyperresponsiveness, usually with inflammation","The chapter characterizes asthma by episodic obstruction and airway hyperresponsiveness, usually accompanied by inflammation.","DRAFT_SOURCE_ALIGNED_NEEDS_INDEPENDENT_REVIEW","Check against current guidelines where recommendations may have changed."
"TEXTBOOK-PILOT-009","Harrison's Principles of Internal Medicine, 21e","287 Asthma","text-file lines 219720-219755","Internal Medicine","Internal Medicine","Asthma reversibility","Which statement about airflow obstruction in asthma is most accurate according to the chapter?","It is reversible in most cases, although some patients develop an irreversible component","It is always completely irreversible","It is never associated with airway inflammation","It occurs only during sleep","A","It is reversible in most cases, although some patients develop an irreversible component","The text states that obstruction is reversible in most patients but may become partly irreversible in a subset.","DRAFT_SOURCE_ALIGNED_NEEDS_INDEPENDENT_REVIEW","Check against current guidelines where recommendations may have changed."
"TEXTBOOK-PILOT-010","Harrison's Principles of Internal Medicine, 21e","287 Asthma","text-file lines 219730-219765","Internal Medicine","Internal Medicine","Asthma presentation","Which symptom pattern is typical of asthma?","Episodes of dyspnea, wheezing, or cough that may occur with triggers or spontaneously","Constant hemoptysis without breathlessness","Pleuritic pain as the sole symptom","Progressive dysphagia without respiratory symptoms","A","Episodes of dyspnea, wheezing, or cough that may occur with triggers or spontaneously","The chapter describes episodic shortness of breath, wheezing, and cough, with or without an identifiable trigger.","DRAFT_SOURCE_ALIGNED_NEEDS_INDEPENDENT_REVIEW","Check against current guidelines where recommendations may have changed."
"TEXTBOOK-PILOT-011","Harrison's Principles of Internal Medicine, 21e","287 Asthma","text-file lines 219730-219765","Internal Medicine","Internal Medicine","Asthma presentation","Which additional symptom may accompany asthma according to the chapter?","Chest tightness","Jaundice","Syncope after every meal","Unilateral leg swelling","A","Chest tightness","Chest tightness and mucus production are listed as possible additional symptoms.","DRAFT_SOURCE_ALIGNED_NEEDS_INDEPENDENT_REVIEW","Check against current guidelines where recommendations may have changed."
"TEXTBOOK-PILOT-012","Harrison's Principles of Internal Medicine, 21e","287 Asthma","text-file lines 219730-219765","Internal Medicine","Internal Medicine","Asthma exacerbation","In the chapter's description, an asthma exacerbation is best understood as:","An episode of acute bronchospasm","A chronic pleural effusion","A bacterial infection of the alveoli by definition","A permanent loss of all expiratory flow","A","An episode of acute bronchospasm","The source identifies episodes of acute bronchospasm as exacerbations.","DRAFT_SOURCE_ALIGNED_NEEDS_INDEPENDENT_REVIEW","Check against current guidelines where recommendations may have changed."
"TEXTBOOK-PILOT-013","Harrison's Principles of Internal Medicine, 21e","304 Sepsis and Septic Shock","text-file lines 229686-229725","Internal Medicine","Internal Medicine","Sepsis definition","Which concept is central to the Sepsis-3 definition summarized in the chapter?","A dysregulated host response to infection leading to acute organ dysfunction","A positive blood culture in every case","Fever caused by any infection without organ effects","Hypotension as the only defining feature","A","A dysregulated host response to infection leading to acute organ dysfunction","The chapter defines sepsis around a dysregulated host response to infection that causes acute organ dysfunction.","DRAFT_SOURCE_ALIGNED_NEEDS_INDEPENDENT_REVIEW","Check against current guidelines where recommendations may have changed."
"TEXTBOOK-PILOT-014","Harrison's Principles of Internal Medicine, 21e","304 Sepsis and Septic Shock","text-file lines 229705-229725","Internal Medicine","Internal Medicine","Sepsis recognition","Which feature distinguishes sepsis from an uncomplicated infection in the chapter's definition?","Acute organ dysfunction","A positive sputum culture","A fever above a fixed temperature","A documented bloodstream infection","A","Acute organ dysfunction","Acute organ dysfunction is the defining consequence that separates sepsis from uncomplicated infection.","DRAFT_SOURCE_ALIGNED_NEEDS_INDEPENDENT_REVIEW","Check against current guidelines where recommendations may have changed."
"TEXTBOOK-PILOT-015","Harrison's Principles of Internal Medicine, 21e","304 Sepsis and Septic Shock","text-file lines 229710-229725","Internal Medicine","Internal Medicine","SOFA","What SOFA change from baseline is used in the chapter's Sepsis-3 clinical criteria for acute organ dysfunction?","An increase of at least 2 points","A decrease of at least 2 points","An increase of 1 point only","A score that must be 15 or higher","A","An increase of at least 2 points","The cited chapter describes an increase of two or more SOFA points from baseline as the organ-dysfunction criterion.","DRAFT_SOURCE_ALIGNED_NEEDS_INDEPENDENT_REVIEW","Check against current guidelines where recommendations may have changed."
"TEXTBOOK-PILOT-016","Harrison's Principles of Internal Medicine, 21e","304 Sepsis and Septic Shock","text-file lines 229715-229735","Internal Medicine","Internal Medicine","Septic shock","Which combination matches the septic shock criteria summarized in the chapter?","Vasopressors to maintain MAP at least 65 mmHg and lactate above 2 mmol/L despite adequate fluids","Lactate below 1 mmol/L with no vasopressor requirement","Any fever with a normal blood pressure","Hypotension that resolves before fluid administration","A","Vasopressors to maintain MAP at least 65 mmHg and lactate above 2 mmol/L despite adequate fluids","The source gives vasopressor need to maintain MAP ≥65 mmHg and lactate >2 mmol/L despite adequate fluid resuscitation.","DRAFT_SOURCE_ALIGNED_NEEDS_INDEPENDENT_REVIEW","Check against current guidelines where recommendations may have changed."
"TEXTBOOK-PILOT-017","Harrison's Principles of Internal Medicine, 21e","304 Sepsis and Septic Shock","text-file lines 229705-229730","Internal Medicine","Internal Medicine","Septic shock","How is septic shock positioned relative to sepsis in the chapter?","As a subset with severe circulatory and cellular/metabolic abnormalities","As a diagnosis that excludes infection","As an isolated respiratory disorder","As a synonym for uncomplicated bacteremia","A","As a subset with severe circulatory and cellular/metabolic abnormalities","The chapter describes septic shock as a subset of sepsis with profound circulatory and cellular/metabolic abnormalities.","DRAFT_SOURCE_ALIGNED_NEEDS_INDEPENDENT_REVIEW","Check against current guidelines where recommendations may have changed."
"TEXTBOOK-PILOT-018","Harrison's Principles of Internal Medicine, 21e","304 Sepsis and Septic Shock","text-file lines 229725-229745","Internal Medicine","Internal Medicine","Sepsis sources","Which infection source is described as the most common cause of sepsis in the chapter?","Pneumonia","Skin infection","Meningitis","Endocarditis","A","Pneumonia","The text identifies pneumonia as the most common source, accounting for about half of cases.","DRAFT_SOURCE_ALIGNED_NEEDS_INDEPENDENT_REVIEW","Check against current guidelines where recommendations may have changed."
"TEXTBOOK-PILOT-019","Harrison's Principles of Internal Medicine, 21e","304 Sepsis and Septic Shock","text-file lines 229725-229745","Internal Medicine","Internal Medicine","Sepsis cultures","Which statement about blood cultures in sepsis is supported by the chapter?","They are typically positive in only about one-third of cases","They are positive in every case","They are never useful","They are positive only in viral sepsis","A","They are typically positive in only about one-third of cases","The chapter notes that blood cultures are typically positive in only one-third of cases.","DRAFT_SOURCE_ALIGNED_NEEDS_INDEPENDENT_REVIEW","Check against current guidelines where recommendations may have changed."
"TEXTBOOK-PILOT-020","Harrison's Principles of Internal Medicine, 21e","304 Sepsis and Septic Shock","text-file lines 229725-229745","Internal Medicine","Internal Medicine","Sepsis sources","After pneumonia, which pair is identified among the next most common sepsis sources?","Intra-abdominal and genitourinary infections","Eye and ear infections","Bone and joint infections","Dental and skin infections","A","Intra-abdominal and genitourinary infections","The chapter lists intra-abdominal and genitourinary infections after pneumonia among common sources.","DRAFT_SOURCE_ALIGNED_NEEDS_INDEPENDENT_REVIEW","Check against current guidelines where recommendations may have changed."
"TEXTBOOK-PILOT-021","Ghai Essential Pediatrics","8 Newborn Infants — Resuscitation","text-file lines 10137-10210","Pediatrics","Pediatrics","Primary apnea","During primary apnea after birth, which intervention may restart breathing according to the text?","Tactile stimulation","Chest compressions as the first step","Immediate feeding","Cooling the infant","A","Tactile stimulation","The source explains that stimulation can reinitiate respiration during primary apnea.","DRAFT_SOURCE_ALIGNED_NEEDS_INDEPENDENT_REVIEW","Neonatal care statements reflect this text's edition; independently verify current protocols."
"TEXTBOOK-PILOT-022","Ghai Essential Pediatrics","8 Newborn Infants — Resuscitation","text-file lines 10155-10190","Pediatrics","Pediatrics","Secondary apnea","A newborn remains apneic and does not respond to stimulation. What support does the described secondary-apnea phase require?","Positive-pressure ventilation","Observation alone","Oral feeding","Repeated prolonged stimulation","A","Positive-pressure ventilation","The chapter states that secondary apnea does not resolve spontaneously with stimulation and requires resuscitation including positive-pressure ventilation.","DRAFT_SOURCE_ALIGNED_NEEDS_INDEPENDENT_REVIEW","Neonatal care statements reflect this text's edition; independently verify current protocols."
"TEXTBOOK-PILOT-023","Ghai Essential Pediatrics","8 Newborn Infants — Resuscitation","text-file lines 10155-10190","Pediatrics","Pediatrics","Apnea at birth","Why does the source recommend treating an apneic newborn as requiring prompt resuscitation rather than waiting to distinguish apnea phases?","Primary and secondary apnea cannot be distinguished clinically at birth","The phases always have different visible skin findings","Only secondary apnea causes a low heart rate","Tactile stimulation is harmful in every newborn","A","Primary and secondary apnea cannot be distinguished clinically at birth","The chapter says the two phases are clinically indistinguishable in an apneic newborn, so resuscitation should not be delayed.","DRAFT_SOURCE_ALIGNED_NEEDS_INDEPENDENT_REVIEW","Neonatal care statements reflect this text's edition; independently verify current protocols."
"TEXTBOOK-PILOT-024","Ghai Essential Pediatrics","8 Newborn Infants — Routine Care","text-file lines 10395-10420","Pediatrics","Pediatrics","Routine newborn care","Which action is included in routine care for a newborn who meets all the source's initial assessment criteria?","Provide warmth, dry the infant, and continue evaluation","Perform routine deep airway suction","Separate the infant from the mother for observation","Start chest compressions","A","Provide warmth, dry the infant, and continue evaluation","The listed routine-care steps include warmth, drying, ongoing evaluation, and keeping the baby with the mother.","DRAFT_SOURCE_ALIGNED_NEEDS_INDEPENDENT_REVIEW","Neonatal care statements reflect this text's edition; independently verify current protocols."
"TEXTBOOK-PILOT-025","Ghai Essential Pediatrics","8 Newborn Infants — Routine Care","text-file lines 10395-10420","Pediatrics","Pediatrics","Airway suction","What does the text say about routine suctioning of a newborn's airway?","It is not required routinely; clear secretions if needed","It should be performed deeply in every newborn","It should always precede drying and warming","It replaces ongoing assessment","A","It is not required routinely; clear secretions if needed","The source distinguishes clearing an airway when necessary from routine suctioning, which it does not recommend.","DRAFT_SOURCE_ALIGNED_NEEDS_INDEPENDENT_REVIEW","Neonatal care statements reflect this text's edition; independently verify current protocols."
"TEXTBOOK-PILOT-026","Ghai Essential Pediatrics","8 Newborn Infants — Initial Steps","text-file lines 10409-10455","Pediatrics","Pediatrics","Newborn airway positioning","Which neck position is described as helping align the newborn airway during initial resuscitation steps?","Slight extension, avoiding flexion or hyperextension","Marked flexion","Maximum extension","Rotation with the chin pressed to the chest","A","Slight extension, avoiding flexion or hyperextension","The chapter describes slight neck extension and cautions that excessive flexion or extension can interfere with breathing.","DRAFT_SOURCE_ALIGNED_NEEDS_INDEPENDENT_REVIEW","Neonatal care statements reflect this text's edition; independently verify current protocols."
"TEXTBOOK-PILOT-027","Ghai Essential Pediatrics","8 Newborn Infants — Initial Steps","text-file lines 10452-10474","Pediatrics","Pediatrics","Airway suction","If suctioning a newborn's mouth and nose is necessary, which site should be cleared first according to the text?","Mouth before nose","Nose before mouth","Trachea before mouth","Neither site should ever be cleared","A","Mouth before nose","The text uses the sequence mouth before nose to reduce aspiration risk if the infant gasps during nasal suction.","DRAFT_SOURCE_ALIGNED_NEEDS_INDEPENDENT_REVIEW","Neonatal care statements reflect this text's edition; independently verify current protocols."
"TEXTBOOK-PILOT-028","Ghai Essential Pediatrics","8 Newborn Infants — Initial Steps","text-file lines 10452-10474","Pediatrics","Pediatrics","Airway suction","What complication may result from inserting a suction catheter too deeply into a newborn's mouth or nose?","Vagal stimulation causing bradycardia or apnea","Persistent tachycardia from sympathetic stimulation","Immediate hyperglycemia","Increased pulmonary surfactant","A","Vagal stimulation causing bradycardia or apnea","The source warns that posterior-pharyngeal stimulation can provoke a vagal response, bradycardia, or apnea.","DRAFT_SOURCE_ALIGNED_NEEDS_INDEPENDENT_REVIEW","Neonatal care statements reflect this text's edition; independently verify current protocols."
"TEXTBOOK-PILOT-029","Ghai Essential Pediatrics","8 Newborn Infants — Initial Steps","text-file lines 10474-10490","Pediatrics","Pediatrics","Tactile stimulation","Which brief tactile action does the chapter describe for a newborn with continuing poor respiratory effort?","Gently rub the back or flick the soles","Shake the infant vigorously","Apply ice to the chest","Suspend the infant by the feet","A","Gently rub the back or flick the soles","The source describes gentle back rubbing or flicking the soles as brief stimulation and cautions against delaying resuscitation.","DRAFT_SOURCE_ALIGNED_NEEDS_INDEPENDENT_REVIEW","Neonatal care statements reflect this text's edition; independently verify current protocols."
"TEXTBOOK-PILOT-030","Ghai Essential Pediatrics","8 Newborn Infants — Thermal Protection","text-file lines 11664-11710","Pediatrics","Pediatrics","Heat loss","Heat transfer from a newborn to a nearby cooler surface without direct contact is called:","Radiation","Conduction","Convection","Evaporation","A","Radiation","Radiation is heat loss to surrounding objects that are not in direct contact with the infant.","DRAFT_SOURCE_ALIGNED_NEEDS_INDEPENDENT_REVIEW","Neonatal care statements reflect this text's edition; independently verify current protocols."
"TEXTBOOK-PILOT-031","Ghai Essential Pediatrics","8 Newborn Infants — Thermal Protection","text-file lines 11664-11710","Pediatrics","Pediatrics","Heat loss","Heat loss to moving air around a newborn is termed:","Convection","Conduction","Radiation","Evaporation","A","Convection","The text describes convection as heat loss to air flowing around the infant.","DRAFT_SOURCE_ALIGNED_NEEDS_INDEPENDENT_REVIEW","Neonatal care statements reflect this text's edition; independently verify current protocols."
"TEXTBOOK-PILOT-032","Ghai Essential Pediatrics","8 Newborn Infants — Thermal Protection","text-file lines 11664-11710","Pediatrics","Pediatrics","Heat loss","A newborn loses heat through direct contact with a cold weighing surface. Which mechanism is involved?","Conduction","Convection","Radiation","Evaporation","A","Conduction","Conduction is heat transfer to substances in direct contact with the infant.","DRAFT_SOURCE_ALIGNED_NEEDS_INDEPENDENT_REVIEW","Neonatal care statements reflect this text's edition; independently verify current protocols."
"TEXTBOOK-PILOT-033","Ghai Essential Pediatrics","8 Newborn Infants — Thermal Protection","text-file lines 11664-11710","Pediatrics","Pediatrics","Heat loss","Evaporation-related heat loss in a newborn occurs when:","Moisture on the skin changes to vapor","The infant touches a cold surface","Air moves across the infant","Heat radiates to a nearby object","A","Moisture on the skin changes to vapor","The chapter includes evaporation of amniotic fluid and skin moisture as a route of heat loss.","DRAFT_SOURCE_ALIGNED_NEEDS_INDEPENDENT_REVIEW","Neonatal care statements reflect this text's edition; independently verify current protocols."
"TEXTBOOK-PILOT-034","Ghai Essential Pediatrics","8 Newborn Infants — Thermal Protection","text-file lines 11664-11735","Pediatrics","Pediatrics","Thermoregulation","Which body proportion contributes to the newborn's susceptibility to heat loss?","A large surface area relative to body weight","A very small head relative to body size","A higher subcutaneous fat layer than adults","A fully mature sweating response","A","A large surface area relative to body weight","The text identifies the newborn's large surface-area-to-weight ratio as a contributor to heat loss.","DRAFT_SOURCE_ALIGNED_NEEDS_INDEPENDENT_REVIEW","Neonatal care statements reflect this text's edition; independently verify current protocols."
"TEXTBOOK-PILOT-035","Ghai Essential Pediatrics","8 Newborn Infants — Thermal Protection","text-file lines 11690-11735","Pediatrics","Pediatrics","Thermogenesis","Which process is described as a source of heat production in newborns?","Non-shivering thermogenesis in brown fat","Shivering as the only mechanism","Heat production by white matter","Evaporative warming","A","Non-shivering thermogenesis in brown fat","The source describes sympathetic activation of brown fat and non-shivering thermogenesis.","DRAFT_SOURCE_ALIGNED_NEEDS_INDEPENDENT_REVIEW","Neonatal care statements reflect this text's edition; independently verify current protocols."
"TEXTBOOK-PILOT-036","Ghai Essential Pediatrics","8 Newborn Infants — Kangaroo Mother Care","text-file lines 12069-12105","Pediatrics","Pediatrics","Kangaroo mother care","Which description best matches kangaroo mother care as defined in the text?","Skin-to-skin care for a preterm or low-birth-weight infant with a caregiver","Routine incubator care without caregiver contact","A method limited to term infants after discharge","A form of airway suctioning","A","Skin-to-skin care for a preterm or low-birth-weight infant with a caregiver","The chapter defines KMC around skin-to-skin contact for preterm or low-birth-weight infants.","DRAFT_SOURCE_ALIGNED_NEEDS_INDEPENDENT_REVIEW","Neonatal care statements reflect this text's edition; independently verify current protocols."
"TEXTBOOK-PILOT-037","Ghai Essential Pediatrics","8 Newborn Infants — Kangaroo Mother Care","text-file lines 12069-12105","Pediatrics","Pediatrics","Kangaroo mother care","Which feeding approach is identified as the nutrition component of kangaroo mother care?","Exclusive breastfeeding","Routine dilution of formula","Water supplementation alone","Withholding feeds during skin-to-skin care","A","Exclusive breastfeeding","The text identifies kangaroo nutrition as exclusive breastfeeding.","DRAFT_SOURCE_ALIGNED_NEEDS_INDEPENDENT_REVIEW","Neonatal care statements reflect this text's edition; independently verify current protocols."
"TEXTBOOK-PILOT-038","Ghai Essential Pediatrics","8 Newborn Infants — Breastfeeding","text-file lines 12243-12320","Pediatrics","Pediatrics","Breastfeeding","For what period does the chapter recommend exclusive breastfeeding in its newborn-care discussion?","The first six months","The first two weeks","Until the first vaccination only","Only while the infant is hospitalized","A","The first six months","The cited chapter describes exclusive breastfeeding through the first six months.","DRAFT_SOURCE_ALIGNED_NEEDS_INDEPENDENT_REVIEW","Neonatal care statements reflect this text's edition; independently verify current protocols."
"TEXTBOOK-PILOT-039","Ghai Essential Pediatrics","8 Newborn Infants — Jaundice","text-file lines 14215-14245","Pediatrics","Pediatrics","Neonatal jaundice","In the text's description of term newborns, when does physiological jaundice usually become visible?","Between 24 and 72 hours after birth","Before birth in every infant","Only after six weeks","Only after the first month","A","Between 24 and 72 hours after birth","The source describes visible physiological jaundice as usually appearing between 24 and 72 hours.","DRAFT_SOURCE_ALIGNED_NEEDS_INDEPENDENT_REVIEW","Neonatal care statements reflect this text's edition; independently verify current protocols."
"TEXTBOOK-PILOT-040","Ghai Essential Pediatrics","8 Newborn Infants — Jaundice","text-file lines 14215-14245","Pediatrics","Pediatrics","Neonatal jaundice","Jaundice appearing during the first 24 hours is treated in the chapter as a reason to:","Investigate for a pathological cause","Assume normal physiology without assessment","Stop all feeding","Begin routine antibiotics without evaluation","A","Investigate for a pathological cause","The text lists onset within 24 hours among features warranting evaluation for pathological jaundice.","DRAFT_SOURCE_ALIGNED_NEEDS_INDEPENDENT_REVIEW","Neonatal care statements reflect this text's edition; independently verify current protocols."
"TEXTBOOK-PILOT-041","Anesthesia for Otolaryngologic Surgery","4 Difficult Airway in Otolaryngology","text-file lines 3028-3032","Anesthesia / Otolaryngology","Anesthesia / Otolaryngology","Oxygenation","Which principle does the chapter emphasize throughout difficult-airway management?","Seek opportunities to provide supplemental oxygen throughout the process","Withhold oxygen until the tube is placed","Give oxygen only after extubation","Avoid oxygen during airway assessment","A","Seek opportunities to provide supplemental oxygen throughout the process","The chapter explicitly emphasizes pursuing supplemental oxygen throughout difficult-airway management.","DRAFT_SOURCE_ALIGNED_NEEDS_INDEPENDENT_REVIEW","Airway management is context-dependent; independently verify current local protocols."
"TEXTBOOK-PILOT-042","Anesthesia for Otolaryngologic Surgery","4 Difficult Airway in Otolaryngology","text-file lines 3389-3405","Anesthesia / Otolaryngology","Anesthesia / Otolaryngology","Awake intubation","How does the chapter describe awake intubation?","Tracheal tube insertion in a conscious or lightly sedated patient","Intubation only after deep general anesthesia","Placement of a supraglottic airway without a tracheal tube","A technique that always requires paralysis","A","Tracheal tube insertion in a conscious or lightly sedated patient","The source describes awake intubation as tube insertion in a conscious or lightly sedated patient.","DRAFT_SOURCE_ALIGNED_NEEDS_INDEPENDENT_REVIEW","Airway management is context-dependent; independently verify current local protocols."
"TEXTBOOK-PILOT-043","Anesthesia for Otolaryngologic Surgery","4 Difficult Airway in Otolaryngology","text-file lines 3389-3405","Anesthesia / Otolaryngology","Anesthesia / Otolaryngology","Awake intubation indications","Which concern may lead clinicians to choose awake rather than post-induction intubation?","Risk of difficulty with ventilation or intubation after induction","A history of uncomplicated airway management","A need to avoid all topical anesthesia","A desire to abolish spontaneous breathing before airway assessment","A","Risk of difficulty with ventilation or intubation after induction","The chapter describes awake intubation when intubation under general anesthesia is considered too risky because ventilation or intubation may be difficult.","DRAFT_SOURCE_ALIGNED_NEEDS_INDEPENDENT_REVIEW","Airway management is context-dependent; independently verify current local protocols."
"TEXTBOOK-PILOT-044","Anesthesia for Otolaryngologic Surgery","4 Difficult Airway in Otolaryngology","text-file lines 3389-3405","Anesthesia / Otolaryngology","Anesthesia / Otolaryngology","Awake intubation indications","Which additional risk is specifically mentioned as a reason to consider awake intubation?","Aspiration","Hypoglycemia","Renal stone formation","Postoperative anemia","A","Aspiration","Concern about aspiration is another reason given for choosing awake intubation.","DRAFT_SOURCE_ALIGNED_NEEDS_INDEPENDENT_REVIEW","Airway management is context-dependent; independently verify current local protocols."
"TEXTBOOK-PILOT-045","Anesthesia for Otolaryngologic Surgery","4 Difficult Airway in Otolaryngology","text-file lines 3389-3405","Anesthesia / Otolaryngology","Anesthesia / Otolaryngology","Awake intubation techniques","Which statement about awake intubation and flexible fiberoptic intubation is correct?","Awake intubation is not synonymous with fiberoptic intubation","Every awake intubation must use a flexible fiberoptic scope","Fiberoptic intubation is incompatible with topical anesthesia","Awake intubation excludes video laryngoscopy","A","Awake intubation is not synonymous with fiberoptic intubation","The chapter explicitly distinguishes the broader awake-intubation approach from the fiberoptic method.","DRAFT_SOURCE_ALIGNED_NEEDS_INDEPENDENT_REVIEW","Airway management is context-dependent; independently verify current local protocols."
"TEXTBOOK-PILOT-046","Anesthesia for Otolaryngologic Surgery","4 Difficult Airway in Otolaryngology","text-file lines 3389-3405","Anesthesia / Otolaryngology","Anesthesia / Otolaryngology","Awake intubation techniques","Which technique is described as a common method for awake intubation?","Fiberoptic intubation under topical anesthesia","Blind placement of a chest drain","Routine surgical tracheostomy in every case","Intubation without airway preparation","A","Fiberoptic intubation under topical anesthesia","The source describes fiberoptic intubation under topical anesthesia as a common method, while noting other options.","DRAFT_SOURCE_ALIGNED_NEEDS_INDEPENDENT_REVIEW","Airway management is context-dependent; independently verify current local protocols."
"TEXTBOOK-PILOT-047","Anesthesia for Otolaryngologic Surgery","4 Difficult Airway in Otolaryngology","text-file lines 3389-3405","Anesthesia / Otolaryngology","Anesthesia / Otolaryngology","Awake intubation techniques","Which device-based approach is listed as an alternative way to perform awake intubation?","Video laryngoscopy","A urinary catheter","A nasogastric tube alone","A chest tube introducer","A","Video laryngoscopy","The chapter lists a GlideScope or another laryngoscope under topical anesthesia among possible awake-intubation methods.","DRAFT_SOURCE_ALIGNED_NEEDS_INDEPENDENT_REVIEW","Airway management is context-dependent; independently verify current local protocols."
"TEXTBOOK-PILOT-048","Anesthesia for Otolaryngologic Surgery","4 Difficult Airway in Otolaryngology","text-file lines 3389-3405","Anesthesia / Otolaryngology","Anesthesia / Otolaryngology","Airway topicalization","What is the purpose of topical anesthesia during awake intubation?","To anesthetize the airway while the patient remains awake or lightly sedated","To guarantee loss of spontaneous ventilation","To replace oxygen delivery","To eliminate the need for airway assessment","A","To anesthetize the airway while the patient remains awake or lightly sedated","The source discusses topical airway anesthesia as part of awake intubation preparation.","DRAFT_SOURCE_ALIGNED_NEEDS_INDEPENDENT_REVIEW","Airway management is context-dependent; independently verify current local protocols."
"TEXTBOOK-PILOT-049","Anesthesia for Otolaryngologic Surgery","4 Difficult Airway in Otolaryngology","text-file lines 3389-3405","Anesthesia / Otolaryngology","Anesthesia / Otolaryngology","Airway blocks","How does the chapter position airway blocks in relation to topical anesthesia?","They may be used as additional aids","They are mandatory in every case","They replace all airway topicalization","They are used only after extubation","A","They may be used as additional aids","The source notes that airway blocks can be used in addition to topical anesthesia.","DRAFT_SOURCE_ALIGNED_NEEDS_INDEPENDENT_REVIEW","Airway management is context-dependent; independently verify current local protocols."
"TEXTBOOK-PILOT-050","Anesthesia for Otolaryngologic Surgery","6 Awake Intubation","text-file lines 4721-4740","Anesthesia / Otolaryngology","Anesthesia / Otolaryngology","Awake intubation rationale","Which feature of awake intubation helps maintain airway patency in a difficult-airway patient?","Preservation of upper pharyngeal muscle tone","Abolition of all airway reflexes","Mandatory neuromuscular blockade","Deep sedation before assessment","A","Preservation of upper pharyngeal muscle tone","The chapter lists maintained upper pharyngeal muscle tone as a rationale for awake intubation.","DRAFT_SOURCE_ALIGNED_NEEDS_INDEPENDENT_REVIEW","Airway management is context-dependent; independently verify current local protocols."
"TEXTBOOK-PILOT-051","Anesthesia for Otolaryngologic Surgery","6 Awake Intubation","text-file lines 4721-4740","Anesthesia / Otolaryngology","Anesthesia / Otolaryngology","Awake intubation rationale","Which respiratory advantage is associated with the awake approach in the cited discussion?","Spontaneous ventilation is maintained","Ventilation is intentionally stopped throughout","Oxygenation is unnecessary","The airway is secured without monitoring","A","Spontaneous ventilation is maintained","Maintaining spontaneous ventilation is one of the stated reasons for awake intubation in a difficult airway.","DRAFT_SOURCE_ALIGNED_NEEDS_INDEPENDENT_REVIEW","Airway management is context-dependent; independently verify current local protocols."
"TEXTBOOK-PILOT-052","Anesthesia for Otolaryngologic Surgery","6 Awake Intubation","text-file lines 4721-4740","Anesthesia / Otolaryngology","Anesthesia / Otolaryngology","Aspiration risk","What protective advantage does an awake patient retain during airway management?","Ability to protect the airway from aspiration","Guaranteed absence of secretions","Abolition of all laryngeal reflexes","Protection from every form of hypoxemia","A","Ability to protect the airway from aspiration","The source lists retained airway protection against aspiration as a rationale for the awake approach.","DRAFT_SOURCE_ALIGNED_NEEDS_INDEPENDENT_REVIEW","Airway management is context-dependent; independently verify current local protocols."
"TEXTBOOK-PILOT-053","Anesthesia for Otolaryngologic Surgery","6 Awake Intubation","text-file lines 4721-4740","Anesthesia / Otolaryngology","Anesthesia / Otolaryngology","Neurologic monitoring","Why may an awake approach be useful in a patient with cervical spine pathology?","The patient can report neurologic symptoms during airway management","It eliminates the need for cervical precautions","It guarantees that no cervical movement occurs","It replaces neurologic examination","A","The patient can report neurologic symptoms during airway management","The chapter notes that an awake patient can monitor and report neurologic symptoms.","DRAFT_SOURCE_ALIGNED_NEEDS_INDEPENDENT_REVIEW","Airway management is context-dependent; independently verify current local protocols."
"TEXTBOOK-PILOT-054","Anesthesia for Otolaryngologic Surgery","4 Difficult Airway in Otolaryngology","text-file lines 3403-3425","Anesthesia / Otolaryngology","Anesthesia / Otolaryngology","Airway assessment","Which interincisor distance is identified in the airway examination table as a nonreassuring finding?","Less than 3 cm","More than 7 cm","Exactly 6 cm","Any measurable opening","A","Less than 3 cm","The source's airway assessment table identifies an interincisor distance under 3 cm as nonreassuring.","DRAFT_SOURCE_ALIGNED_NEEDS_INDEPENDENT_REVIEW","Airway management is context-dependent; independently verify current local protocols."
"TEXTBOOK-PILOT-055","Anesthesia for Otolaryngologic Surgery","4 Difficult Airway in Otolaryngology","text-file lines 3403-3425","Anesthesia / Otolaryngology","Anesthesia / Otolaryngology","Airway assessment","Which thyromental-distance finding is listed as nonreassuring in the source table?","Less than three finger breadths","More than six finger breadths","Exactly five finger breadths","Any distance measured with a ruler","A","Less than three finger breadths","The table lists a thyromental distance below three ordinary finger breadths as nonreassuring.","DRAFT_SOURCE_ALIGNED_NEEDS_INDEPENDENT_REVIEW","Airway management is context-dependent; independently verify current local protocols."
"TEXTBOOK-PILOT-056","Anesthesia for Otolaryngologic Surgery","4 Difficult Airway in Otolaryngology","text-file lines 3403-3425","Anesthesia / Otolaryngology","Anesthesia / Otolaryngology","Airway assessment","During the described airway assessment, which finding involving the uvula is nonreassuring?","The uvula is not visible with the tongue protruded while sitting","The uvula is visible while the patient is supine","The patient can open the mouth","The palate is not unusually narrow","A","The uvula is not visible with the tongue protruded while sitting","The cited table lists nonvisibility of the uvula with the tongue protruded in the sitting position as a concerning finding.","DRAFT_SOURCE_ALIGNED_NEEDS_INDEPENDENT_REVIEW","Airway management is context-dependent; independently verify current local protocols."
"TEXTBOOK-PILOT-057","Anesthesia for Otolaryngologic Surgery","6 Awake Intubation","text-file lines 4837-4890","Anesthesia / Otolaryngology","Anesthesia / Otolaryngology","Awake intubation indications","Which history is included among reasons to consider awake intubation?","A previous difficult intubation","A prior uncomplicated mask induction","A remote ankle sprain","A history of seasonal rhinitis alone","A","A previous difficult intubation","A previous difficult intubation is listed among indications in the source table.","DRAFT_SOURCE_ALIGNED_NEEDS_INDEPENDENT_REVIEW","Airway management is context-dependent; independently verify current local protocols."
"TEXTBOOK-PILOT-058","Anesthesia for Otolaryngologic Surgery","6 Awake Intubation","text-file lines 4837-4890","Anesthesia / Otolaryngology","Anesthesia / Otolaryngology","Awake intubation indications","Which spinal condition is included among indications to consider awake intubation?","An unstable cervical spine","Stable lumbar scoliosis alone","A healed ankle fracture","A wrist sprain","A","An unstable cervical spine","The source table lists an unstable cervical spine as an indication to consider awake intubation.","DRAFT_SOURCE_ALIGNED_NEEDS_INDEPENDENT_REVIEW","Airway management is context-dependent; independently verify current local protocols."
"TEXTBOOK-PILOT-059","Anesthesia for Otolaryngologic Surgery","6 Awake Intubation","text-file lines 4837-4890","Anesthesia / Otolaryngology","Anesthesia / Otolaryngology","Oxygenation","For a patient undergoing awake intubation, when does the chapter encourage supplemental oxygen?","Throughout airway management, including sedation and topicalization","Only after the tracheal tube is removed","Only during preoperative consent","Only if intubation has already failed","A","Throughout airway management, including sedation and topicalization","The chapter encourages preoxygenation and supplemental oxygen through sedation, topicalization, intubation, and extubation.","DRAFT_SOURCE_ALIGNED_NEEDS_INDEPENDENT_REVIEW","Airway management is context-dependent; independently verify current local protocols."
"TEXTBOOK-PILOT-060","Anesthesia for Otolaryngologic Surgery","6 Awake Intubation","text-file lines 4837-4890","Anesthesia / Otolaryngology","Anesthesia / Otolaryngology","Backup airway planning","What preparation does the source recommend if the first awake-intubation technique is ineffective?","Have backup techniques and required equipment available","Continue repeating the same attempt without reassessment","Discard all alternative airway devices","Stop oxygen delivery while choosing another plan","A","Have backup techniques and required equipment available","The chapter advises preparing equipment in advance and having backup modalities available.","DRAFT_SOURCE_ALIGNED_NEEDS_INDEPENDENT_REVIEW","Airway management is context-dependent; independently verify current local protocols."
